lat,lon,hdop,sats,acc_x,acc_y,acc_z,gyro_x,gyro_y,gyro_z
22.757988,75.899995,1.0,10,0.1,0.2,9.8,0.01,0.02,0.00
22.757976,75.899991,1.1,11,0.1,0.2,9.8,0.01,0.02,0.00
22.757964,75.899986,1.2,12,0.1,0.2,9.8,0.01,0.02,0.00
22.757953,75.899981,1.0,13,0.1,0.2,9.8,0.01,0.02,0.00
22.757941,75.899977,1.1,10,0.1,0.2,9.8,0.01,0.02,0.00
22.757929,75.899972,1.2,11,0.1,0.2,9.8,0.01,0.02,0.00
22.757917,75.899967,1.0,12,0.1,0.2,9.8,0.01,0.02,0.00
22.757905,75.899962,1.1,13,0.1,0.2,9.8,0.01,0.02,0.00
22.757893,75.899958,1.2,10,0.1,0.2,9.8,0.01,0.02,0.00
22.757881,75.899953,1.0,11,0.1,0.2,9.8,0.01,0.02,0.00
22.757869,75.899948,1.1,12,0.1,0.2,9.8,0.01,0.02,0.00
22.757857,75.899944,1.2,13,0.1,0.2,9.8,0.01,0.02,0.00
22.757845,75.899939,1.0,10,0.1,0.2,9.8,0.01,0.02,0.00
22.757833,75.899934,1.1,11,0.1,0.2,9.8,0.01,0.02,0.00
22.757821,75.899929,1.2,12,0.1,0.2,9.8,0.01,0.02,0.00
22.757809,75.899925,1.0,13,0.1,0.2,9.8,0.01,0.02,0.00
22.757797,75.899920,1.1,10,0.1,0.2,9.8,0.01,0.02,0.00
22.757785,75.899915,1.2,11,0.1,0.2,9.8,0.01,0.02,0.00
22.757774,75.899911,1.0,12,0.1,0.2,9.8,0.01,0.02,0.00
22.757762,75.899906,1.1,13,0.1,0.2,9.8,0.01,0.02,0.00
22.757750,75.899901,1.2,10,0.1,0.2,9.8,0.01,0.02,0.00
22.757738,75.899897,1.0,11,0.1,0.2,9.8,0.01,0.02,0.00
22.757726,75.899892,1.1,12,0.1,0.2,9.8,0.01,0.02,0.00
22.757714,75.899887,1.2,13,0.1,0.2,9.8,0.01,0.02,0.00
22.757703,75.899883,1.0,10,0.1,0.2,9.8,0.01,0.02,0.00
22.757691,75.899878,1.1,11,0.1,0.2,9.8,0.01,0.02,0.00
22.757679,75.899873,1.2,12,0.1,0.2,9.8,0.01,0.02,0.00
22.757667,75.899869,1.0,13,0.1,0.2,9.8,0.01,0.02,0.00
22.757655,75.899864,1.1,10,0.1,0.2,9.8,0.01,0.02,0.00
22.757644,75.899859,1.2,11,0.1,0.2,9.8,0.01,0.02,0.00
22.757632,75.899855,1.0,12,0.1,0.2,9.8,0.01,0.02,0.00
22.757620,75.899850,1.1,13,0.1,0.2,9.8,0.01,0.02,0.00
22.757609,75.899846,1.2,10,0.1,0.2,9.8,0.01,0.02,0.00
22.757597,75.899841,1.0,11,0.1,0.2,9.8,0.01,0.02,0.00
22.757585,75.899836,1.1,12,0.1,0.2,9.8,0.01,0.02,0.00
22.757574,75.899832,1.2,13,0.1,0.2,9.8,0.01,0.02,0.00
22.757562,75.899827,1.0,10,0.1,0.2,9.8,0.01,0.02,0.00
22.757550,75.899822,1.1,11,0.1,0.2,9.8,0.01,0.02,0.00
22.757538,75.899818,1.2,12,0.1,0.2,9.8,0.01,0.02,0.00
22.757527,75.899813,1.0,13,0.1,0.2,9.8,0.01,0.02,0.00
22.757515,75.899808,1.1,10,0.1,0.2,9.8,0.01,0.02,0.00
22.757503,75.899804,1.2,11,0.1,0.2,9.8,0.01,0.02,0.00
22.757491,75.899799,1.0,12,0.1,0.2,9.8,0.01,0.02,0.00
22.757479,75.899795,1.1,13,0.1,0.2,9.8,0.01,0.02,0.00
22.757468,75.899790,1.2,10,0.1,0.2,9.8,0.01,0.02,0.00
22.757456,75.899785,1.0,11,0.1,0.2,9.8,0.01,0.02,0.00
22.757444,75.899781,1.1,12,0.1,0.2,9.8,0.01,0.02,0.00
22.757432,75.899776,1.2,13,0.1,0.2,9.8,0.01,0.02,0.00
22.757420,75.899771,1.0,10,0.1,0.2,9.8,0.01,0.02,0.00
22.757408,75.899766,1.1,11,0.1,0.2,9.8,0.01,0.02,0.00
22.757396,75.899762,1.2,12,0.1,0.2,9.8,0.01,0.02,0.00
22.757384,75.899757,1.0,13,0.1,0.2,9.8,0.01,0.02,0.00
22.757372,75.899752,1.1,10,0.1,0.2,9.8,0.01,0.02,0.00
22.757360,75.899748,1.2,11,0.1,0.2,9.8,0.01,0.02,0.00
22.757348,75.899743,1.0,12,0.1,0.2,9.8,0.01,0.02,0.00
22.757337,75.899738,1.1,13,0.1,0.2,9.8,0.01,0.02,0.00
22.757325,75.899733,1.2,10,0.1,0.2,9.8,0.01,0.02,0.00
22.757313,75.899729,1.0,11,0.1,0.2,9.8,0.01,0.02,0.00
22.757301,75.899724,1.1,12,0.1,0.2,9.8,0.01,0.02,0.00
22.757289,75.899719,1.2,13,0.1,0.2,9.8,0.01,0.02,0.00
22.757277,75.899715,1.0,10,0.1,0.2,9.8,0.01,0.02,0.00
22.757265,75.899710,1.1,11,0.1,0.2,9.8,0.01,0.02,0.00
22.757253,75.899705,1.2,12,0.1,0.2,9.8,0.01,0.02,0.00
22.757241,75.899700,1.0,13,0.1,0.2,9.8,0.01,0.02,0.00
22.757229,75.899696,1.1,10,0.1,0.2,9.8,0.01,0.02,0.00
22.757217,75.899691,1.2,11,0.1,0.2,9.8,0.01,0.02,0.00
22.757206,75.899686,1.0,12,0.1,0.2,9.8,0.01,0.02,0.00
22.757194,75.899682,1.1,13,0.1,0.2,9.8,0.01,0.02,0.00
22.757182,75.899677,1.2,10,0.1,0.2,9.8,0.01,0.02,0.00
22.757170,75.899672,1.0,11,0.1,0.2,9.8,0.01,0.02,0.00
22.757158,75.899668,1.1,12,0.1,0.2,9.8,0.01,0.02,0.00
22.757147,75.899663,1.2,13,0.1,0.2,9.8,0.01,0.02,0.00
22.757135,75.899659,1.0,10,0.1,0.2,9.8,0.01,0.02,0.00
22.757123,75.899654,1.1,11,0.1,0.2,9.8,0.01,0.02,0.00
22.757111,75.899649,1.2,12,0.1,0.2,9.8,0.01,0.02,0.00
22.757100,75.899645,1.0,13,0.1,0.2,9.8,0.01,0.02,0.00
22.757088,75.899640,1.1,10,0.1,0.2,9.8,0.01,0.02,0.00
22.757076,75.899635,1.2,11,0.1,0.2,9.8,0.01,0.02,0.00
22.757065,75.899631,1.0,12,0.1,0.2,9.8,0.01,0.02,0.00
22.757053,75.899626,1.1,13,0.1,0.2,9.8,0.01,0.02,0.00
22.757041,75.899622,1.2,10,0.1,0.2,9.8,0.01,0.02,0.00
22.757029,75.899617,1.0,11,0.1,0.2,9.8,0.01,0.02,0.00
22.757018,75.899612,1.1,12,0.1,0.2,9.8,0.01,0.02,0.00
22.757006,75.899608,1.2,13,0.1,0.2,9.8,0.01,0.02,0.00
22.756994,75.899603,1.0,10,0.1,0.2,9.8,0.01,0.02,0.00
22.756982,75.899598,1.1,11,0.1,0.2,9.8,0.01,0.02,0.00
22.756971,75.899594,1.2,12,0.1,0.2,9.8,0.01,0.02,0.00
22.756959,75.899589,1.0,13,0.1,0.2,9.8,0.01,0.02,0.00
22.756947,75.899584,1.1,10,0.1,0.2,9.8,0.01,0.02,0.00
22.756935,75.899580,1.2,11,0.1,0.2,9.8,0.01,0.02,0.00
22.756923,75.899575,1.0,12,0.1,0.2,9.8,0.01,0.02,0.00
22.756911,75.899570,1.1,13,0.1,0.2,9.8,0.01,0.02,0.00
22.756900,75.899566,1.2,10,0.1,0.2,9.8,0.01,0.02,0.00
22.756888,75.899561,1.0,11,0.1,0.2,9.8,0.01,0.02,0.00
22.756876,75.899556,1.1,12,0.1,0.2,9.8,0.01,0.02,0.00
22.756864,75.899552,1.2,13,0.1,0.2,9.8,0.01,0.02,0.00
22.756852,75.899547,1.0,10,0.1,0.2,9.8,0.01,0.02,0.00
22.756840,75.899542,1.1,11,0.1,0.2,9.8,0.01,0.02,0.00
22.756828,75.899537,1.2,12,0.1,0.2,9.8,0.01,0.02,0.00
22.756816,75.899533,1.0,13,0.1,0.2,9.8,0.01,0.02,0.00
22.756804,75.899528,1.1,10,0.1,0.2,9.8,0.01,0.02,0.00
22.756792,75.899523,1.2,11,0.1,0.2,9.8,0.01,0.02,0.00
22.756780,75.899518,1.0,12,0.1,0.2,9.8,0.01,0.02,0.00
22.756768,75.899514,1.1,13,0.1,0.2,9.8,0.01,0.02,0.00
22.756756,75.899509,1.2,10,0.1,0.2,9.8,0.01,0.02,0.00
22.756744,75.899504,1.0,11,0.1,0.2,9.8,0.01,0.02,0.00
22.756732,75.899500,1.1,12,0.1,0.2,9.8,0.01,0.02,0.00
22.756721,75.899495,1.2,13,0.1,0.2,9.8,0.01,0.02,0.00
22.756709,75.899490,1.0,10,0.1,0.2,9.8,0.01,0.02,0.00
22.756697,75.899486,1.1,11,0.1,0.2,9.8,0.01,0.02,0.00
22.756685,75.899481,1.2,12,0.1,0.2,9.8,0.01,0.02,0.00
22.756673,75.899476,1.0,13,0.1,0.2,9.8,0.01,0.02,0.00
22.756661,75.899472,1.1,10,0.1,0.2,9.8,0.01,0.02,0.00
22.756650,75.899467,1.2,11,0.1,0.2,9.8,0.01,0.02,0.00
22.756638,75.899462,1.0,12,0.1,0.2,9.8,0.01,0.02,0.00
22.756626,75.899458,1.1,13,0.1,0.2,9.8,0.01,0.02,0.00
22.756614,75.899453,1.2,10,0.1,0.2,9.8,0.01,0.02,0.00
22.756603,75.899448,1.0,11,0.1,0.2,9.8,0.01,0.02,0.00
22.756591,75.899444,1.1,12,0.1,0.2,9.8,0.01,0.02,0.00
22.756579,75.899439,1.2,13,0.1,0.2,9.8,0.01,0.02,0.00
22.756567,75.899435,1.0,10,0.1,0.2,9.8,0.01,0.02,0.00
22.756556,75.899430,1.1,11,0.1,0.2,9.8,0.01,0.02,0.00
22.756544,75.899425,1.2,12,0.1,0.2,9.8,0.01,0.02,0.00
22.756532,75.899421,1.0,13,0.1,0.2,9.8,0.01,0.02,0.00
22.756521,75.899416,1.1,10,0.1,0.2,9.8,0.01,0.02,0.00
22.756509,75.899411,1.2,11,0.1,0.2,9.8,0.01,0.02,0.00
22.756497,75.899407,1.0,12,0.1,0.2,9.8,0.01,0.02,0.00
22.756485,75.899402,1.1,13,0.1,0.2,9.8,0.01,0.02,0.00
22.756474,75.899398,1.2,10,0.1,0.2,9.8,0.01,0.02,0.00
22.756462,75.899393,1.0,11,0.1,0.2,9.8,0.01,0.02,0.00
22.756450,75.899388,1.1,12,0.1,0.2,9.8,0.01,0.02,0.00
22.756438,75.899384,1.2,13,0.1,0.2,9.8,0.01,0.02,0.00
22.756426,75.899379,1.0,10,0.1,0.2,9.8,0.01,0.02,0.00
22.756415,75.899374,1.1,11,0.1,0.2,9.8,0.01,0.02,0.00
22.756403,75.899370,1.2,12,0.1,0.2,9.8,0.01,0.02,0.00
22.756391,75.899365,1.0,13,0.1,0.2,9.8,0.01,0.02,0.00
22.756379,75.899360,1.1,10,0.1,0.2,9.8,0.01,0.02,0.00
22.756367,75.899355,1.2,11,0.1,0.2,9.8,0.01,0.02,0.00
22.756355,75.899351,1.0,12,0.1,0.2,9.8,0.01,0.02,0.00
22.756343,75.899346,1.1,13,0.1,0.2,9.8,0.01,0.02,0.00
22.756331,75.899341,1.2,10,0.1,0.2,9.8,0.01,0.02,0.00
22.756319,75.899337,1.0,11,0.1,0.2,9.8,0.01,0.02,0.00
22.756307,75.899332,1.1,12,0.1,0.2,9.8,0.01,0.02,0.00
22.756295,75.899327,1.2,13,0.1,0.2,9.8,0.01,0.02,0.00
22.756283,75.899322,1.0,10,0.1,0.2,9.8,0.01,0.02,0.00
22.756271,75.899318,1.1,11,0.1,0.2,9.8,0.01,0.02,0.00
22.756259,75.899313,1.2,12,0.1,0.2,9.8,0.01,0.02,0.00
22.756248,75.899308,1.0,13,0.1,0.2,9.8,0.01,0.02,0.00
22.756236,75.899304,1.1,10,0.1,0.2,9.8,0.01,0.02,0.00
22.756224,75.899299,1.2,11,0.1,0.2,9.8,0.01,0.02,0.00
22.756212,75.899294,1.0,12,0.1,0.2,9.8,0.01,0.02,0.00
22.756200,75.899290,1.1,13,0.1,0.2,9.8,0.01,0.02,0.00
22.756188,75.899285,1.2,10,0.1,0.2,9.8,0.01,0.02,0.00
22.756176,75.899280,1.0,11,0.1,0.2,9.8,0.01,0.02,0.00
22.756164,75.899275,1.1,12,0.1,0.2,9.8,0.01,0.02,0.00
22.756153,75.899271,1.2,13,0.1,0.2,9.8,0.01,0.02,0.00
22.756141,75.899266,1.0,10,0.1,0.2,9.8,0.01,0.02,0.00
22.756129,75.899262,1.1,11,0.1,0.2,9.8,0.01,0.02,0.00
22.756117,75.899257,1.2,12,0.1,0.2,9.8,0.01,0.02,0.00
22.756105,75.899252,1.0,13,0.1,0.2,9.8,0.01,0.02,0.00
22.756094,75.899248,1.1,10,0.1,0.2,9.8,0.01,0.02,0.00
22.756082,75.899243,1.2,11,0.1,0.2,9.8,0.01,0.02,0.00
22.756070,75.899238,1.0,12,0.1,0.2,9.8,0.01,0.02,0.00
22.756059,75.899234,1.1,13,0.1,0.2,9.8,0.01,0.02,0.00
22.756047,75.899229,1.2,10,0.1,0.2,9.8,0.01,0.02,0.00
22.756035,75.899225,1.0,11,0.1,0.2,9.8,0.01,0.02,0.00
22.756024,75.899220,1.1,12,0.1,0.2,9.8,0.01,0.02,0.00
22.756012,75.899215,1.2,13,0.1,0.2,9.8,0.01,0.02,0.00
22.756000,75.899211,1.0,10,0.1,0.2,9.8,0.01,0.02,0.00
22.755988,75.899206,1.1,11,0.1,0.2,9.8,0.01,0.02,0.00
22.755977,75.899201,1.2,12,0.1,0.2,9.8,0.01,0.02,0.00
22.755965,75.899197,1.0,13,0.1,0.2,9.8,0.01,0.02,0.00
22.755953,75.899192,1.1,10,0.1,0.2,9.8,0.01,0.02,0.00
22.755941,75.899187,1.2,11,0.1,0.2,9.8,0.01,0.02,0.00
22.755930,75.899183,1.0,12,0.1,0.2,9.8,0.01,0.02,0.00
22.755918,75.899178,1.1,13,0.1,0.2,9.8,0.01,0.02,0.00
22.755906,75.899173,1.2,10,0.1,0.2,9.8,0.01,0.02,0.00
22.755894,75.899169,1.0,11,0.1,0.2,9.8,0.01,0.02,0.00
22.755882,75.899164,1.1,12,0.1,0.2,9.8,0.01,0.02,0.00
22.755870,75.899159,1.2,13,0.1,0.2,9.8,0.01,0.02,0.00
22.755858,75.899155,1.0,10,0.1,0.2,9.8,0.01,0.02,0.00
22.755846,75.899150,1.1,11,0.1,0.2,9.8,0.01,0.02,0.00
22.755835,75.899145,1.2,12,0.1,0.2,9.8,0.01,0.02,0.00
22.755823,75.899141,1.0,13,0.1,0.2,9.8,0.01,0.02,0.00
22.755811,75.899136,1.1,10,0.1,0.2,9.8,0.01,0.02,0.00
22.755799,75.899131,1.2,11,0.1,0.2,9.8,0.01,0.02,0.00
22.755787,75.899126,1.0,12,0.1,0.2,9.8,0.01,0.02,0.00
22.755775,75.899122,1.1,13,0.1,0.2,9.8,0.01,0.02,0.00
22.755763,75.899117,1.2,10,0.1,0.2,9.8,0.01,0.02,0.00
22.755751,75.899112,1.0,11,0.1,0.2,9.8,0.01,0.02,0.00
22.755739,75.899108,1.1,12,0.1,0.2,9.8,0.01,0.02,0.00
22.755727,75.899103,1.2,13,0.1,0.2,9.8,0.01,0.02,0.00
22.755715,75.899098,1.0,10,0.1,0.2,9.8,0.01,0.02,0.00
22.755703,75.899093,1.1,11,0.1,0.2,9.8,0.01,0.02,0.00
22.755691,75.899089,1.2,12,0.1,0.2,9.8,0.01,0.02,0.00
22.755679,75.899084,1.0,13,0.1,0.2,9.8,0.01,0.02,0.00
22.755667,75.899079,1.1,10,0.1,0.2,9.8,0.01,0.02,0.00
22.755656,75.899075,1.2,11,0.1,0.2,9.8,0.01,0.02,0.00
22.755644,75.899070,1.0,12,0.1,0.2,9.8,0.01,0.02,0.00
22.755632,75.899065,1.1,13,0.1,0.2,9.8,0.01,0.02,0.00
22.755620,75.899061,15.0,2,0.5,0.7,9.5,0.10,0.07,0.03
22.755608,75.899056,15.0,1,0.5,0.7,9.5,0.10,0.07,0.03
22.755597,75.899051,15.0,1,0.5,0.7,9.5,0.10,0.07,0.03
22.755585,75.899047,15.0,1,0.5,0.7,9.5,0.10,0.07,0.03
22.755573,75.899042,15.0,0,0.5,0.7,9.5,0.10,0.07,0.03
22.755561,75.899037,15.0,0,0.5,0.7,9.5,0.10,0.07,0.03
22.755549,75.899033,15.0,0,0.5,0.7,9.5,0.10,0.07,0.03
22.755537,75.899028,15.0,0,0.5,0.7,9.5,0.10,0.07,0.03
22.755526,75.899023,15.0,0,0.5,0.7,9.5,0.10,0.07,0.03
22.755514,75.899019,15.0,0,0.5,0.7,9.5,0.10,0.07,0.03
22.755502,75.899014,15.0,0,0.5,0.7,9.5,0.10,0.07,0.03
22.755490,75.899009,15.0,0,0.5,0.7,9.5,0.10,0.07,0.03
22.755478,75.899005,15.0,0,0.5,0.7,9.5,0.10,0.07,0.03
22.755466,75.899000,15.0,0,0.5,0.7,9.5,0.10,0.07,0.03
22.755455,75.898995,15.0,0,0.5,0.7,9.5,0.10,0.07,0.03
22.755443,75.898991,15.0,0,0.5,0.7,9.5,0.10,0.07,0.03
22.755431,75.898986,15.0,0,0.5,0.7,9.5,0.10,0.07,0.03
22.755419,75.898981,15.0,0,0.5,0.7,9.5,0.10,0.07,0.03
22.755407,75.898977,15.0,0,0.5,0.7,9.5,0.10,0.07,0.03
22.755395,75.898972,15.0,0,0.5,0.7,9.5,0.10,0.07,0.03
22.755384,75.898967,15.0,0,0.5,0.7,9.5,0.10,0.07,0.03
22.755372,75.898962,15.0,0,0.5,0.7,9.5,0.10,0.07,0.03
22.755360,75.898958,15.0,0,0.5,0.7,9.5,0.10,0.07,0.03
22.755348,75.898953,15.0,0,0.5,0.7,9.5,0.10,0.07,0.03
22.755336,75.898948,15.0,0,0.5,0.7,9.5,0.10,0.07,0.03
22.755324,75.898944,15.0,0,0.5,0.7,9.5,0.10,0.07,0.03
22.755313,75.898939,15.0,0,0.5,0.7,9.5,0.10,0.07,0.03
22.755301,75.898934,15.0,0,0.5,0.7,9.5,0.10,0.07,0.03
22.755289,75.898930,15.0,0,0.5,0.7,9.5,0.10,0.07,0.03
22.755277,75.898925,15.0,0,0.5,0.7,9.5,0.10,0.07,0.03
22.755265,75.898920,15.0,0,0.5,0.7,9.5,0.10,0.07,0.03
22.755254,75.898916,15.0,0,0.5,0.7,9.5,0.10,0.07,0.03
22.755242,75.898911,15.0,0,0.5,0.7,9.5,0.10,0.07,0.03
22.755230,75.898906,15.0,0,0.5,0.7,9.5,0.10,0.07,0.03
22.755218,75.898901,15.0,0,0.5,0.7,9.5,0.10,0.07,0.03
22.755206,75.898897,15.0,0,0.5,0.7,9.5,0.10,0.07,0.03
22.755194,75.898892,15.0,0,0.5,0.7,9.5,0.10,0.07,0.03
22.755183,75.898887,15.0,0,0.5,0.7,9.5,0.10,0.07,0.03
22.755171,75.898883,15.0,0,0.5,0.7,9.5,0.10,0.07,0.03
22.755159,75.898878,15.0,0,0.5,0.7,9.5,0.10,0.07,0.03
22.755147,75.898873,15.0,0,0.5,0.7,9.5,0.10,0.07,0.03
22.755135,75.898869,15.0,0,0.5,0.7,9.5,0.10,0.07,0.03
22.755123,75.898864,15.0,0,0.5,0.7,9.5,0.10,0.07,0.03
22.755112,75.898859,15.0,0,0.5,0.7,9.5,0.10,0.07,0.03
22.755100,75.898854,15.0,0,0.5,0.7,9.5,0.10,0.07,0.03
22.755088,75.898850,15.0,0,0.5,0.7,9.5,0.10,0.07,0.03
22.755076,75.898845,15.0,0,0.5,0.7,9.5,0.10,0.07,0.03
22.755064,75.898840,15.0,0,0.5,0.7,9.5,0.10,0.07,0.03
22.755053,75.898836,15.0,0,0.5,0.7,9.5,0.10,0.07,0.03
22.755041,75.898831,15.0,0,0.5,0.7,9.5,0.10,0.07,0.03
22.755029,75.898826,15.0,0,0.5,0.7,9.5,0.10,0.07,0.03
22.755017,75.898822,15.0,0,0.5,0.7,9.5,0.10,0.07,0.03
22.755005,75.898817,15.0,0,0.5,0.7,9.5,0.10,0.07,0.03
22.754993,75.898812,15.0,0,0.5,0.7,9.5,0.10,0.07,0.03
22.754982,75.898807,15.0,0,0.5,0.7,9.5,0.10,0.07,0.03
22.754970,75.898803,15.0,0,0.5,0.7,9.5,0.10,0.07,0.03
22.754958,75.898798,15.0,0,0.5,0.7,9.5,0.10,0.07,0.03
22.754946,75.898793,15.0,0,0.5,0.7,9.5,0.10,0.07,0.03
22.754934,75.898789,15.0,0,0.5,0.7,9.5,0.10,0.07,0.03
22.754923,75.898784,15.0,0,0.5,0.7,9.5,0.10,0.07,0.03
22.754911,75.898779,15.0,0,0.5,0.7,9.5,0.10,0.07,0.03
22.754899,75.898774,15.0,0,0.5,0.7,9.5,0.10,0.07,0.03
22.754887,75.898770,15.0,0,0.5,0.7,9.5,0.10,0.07,0.03
22.754875,75.898765,15.0,0,0.5,0.7,9.5,0.10,0.07,0.03
22.754864,75.898760,15.0,0,0.5,0.7,9.5,0.10,0.07,0.03
22.754852,75.898756,15.0,0,0.5,0.7,9.5,0.10,0.07,0.03
22.754840,75.898751,15.0,0,0.5,0.7,9.5,0.10,0.07,0.03
22.754828,75.898746,15.0,0,0.5,0.7,9.5,0.10,0.07,0.03
22.754816,75.898741,15.0,0,0.5,0.7,9.5,0.10,0.07,0.03
22.754804,75.898737,15.0,0,0.5,0.7,9.5,0.10,0.07,0.03
22.754793,75.898732,15.0,0,0.5,0.7,9.5,0.10,0.07,0.03
22.754781,75.898727,15.0,0,0.5,0.7,9.5,0.10,0.07,0.03
22.754769,75.898723,15.0,0,0.5,0.7,9.5,0.10,0.07,0.03
22.754757,75.898718,15.0,0,0.5,0.7,9.5,0.10,0.07,0.03
22.754745,75.898713,15.0,0,0.5,0.7,9.5,0.10,0.07,0.03
22.754734,75.898708,15.0,0,0.5,0.7,9.5,0.10,0.07,0.03
22.754722,75.898704,15.0,0,0.5,0.7,9.5,0.10,0.07,0.03
22.754710,75.898699,15.0,0,0.5,0.7,9.5,0.10,0.07,0.03
22.754698,75.898694,15.0,0,0.5,0.7,9.5,0.10,0.07,0.03
22.754686,75.898689,15.0,0,0.5,0.7,9.5,0.10,0.07,0.03
22.754674,75.898685,15.0,0,0.5,0.7,9.5,0.10,0.07,0.03
22.754663,75.898680,15.0,0,0.5,0.7,9.5,0.10,0.07,0.03
22.754651,75.898675,15.0,0,0.5,0.7,9.5,0.10,0.07,0.03
22.754639,75.898671,15.0,0,0.5,0.7,9.5,0.10,0.07,0.03
22.754627,75.898666,15.0,0,0.5,0.7,9.5,0.10,0.07,0.03
22.754615,75.898661,15.0,0,0.5,0.7,9.5,0.10,0.07,0.03
22.754604,75.898656,15.0,0,0.5,0.7,9.5,0.10,0.07,0.03
22.754592,75.898652,15.0,0,0.5,0.7,9.5,0.10,0.07,0.03
22.754580,75.898647,15.0,0,0.5,0.7,9.5,0.10,0.07,0.03
22.754568,75.898642,15.0,0,0.5,0.7,9.5,0.10,0.07,0.03
22.754556,75.898637,15.0,0,0.5,0.7,9.5,0.10,0.07,0.03
22.754545,75.898633,15.0,0,0.5,0.7,9.5,0.10,0.07,0.03
22.754533,75.898628,15.0,0,0.5,0.7,9.5,0.10,0.07,0.03
22.754521,75.898623,15.0,0,0.5,0.7,9.5,0.10,0.07,0.03
22.754509,75.898618,15.0,0,0.5,0.7,9.5,0.10,0.07,0.03
22.754497,75.898614,15.0,0,0.5,0.7,9.5,0.10,0.07,0.03
22.754486,75.898609,15.0,0,0.5,0.7,9.5,0.10,0.07,0.03
22.754474,75.898604,15.0,0,0.5,0.7,9.5,0.10,0.07,0.03
22.754462,75.898599,15.0,0,0.5,0.7,9.5,0.10,0.07,0.03
22.754450,75.898595,15.0,0,0.5,0.7,9.5,0.10,0.07,0.03
22.754438,75.898590,15.0,0,0.5,0.7,9.5,0.10,0.07,0.03
22.754427,75.898585,15.0,0,0.5,0.7,9.5,0.10,0.07,0.03
22.754415,75.898580,15.0,0,0.5,0.7,9.5,0.10,0.07,0.03
22.754403,75.898576,15.0,0,0.5,0.7,9.5,0.10,0.07,0.03
22.754391,75.898571,15.0,0,0.5,0.7,9.5,0.10,0.07,0.03
22.754379,75.898566,15.0,0,0.5,0.7,9.5,0.10,0.07,0.03
22.754368,75.898562,15.0,0,0.5,0.7,9.5,0.10,0.07,0.03
22.754356,75.898557,15.0,0,0.5,0.7,9.5,0.10,0.07,0.03
22.754344,75.898552,15.0,0,0.5,0.7,9.5,0.10,0.07,0.03
22.754332,75.898547,15.0,0,0.5,0.7,9.5,0.10,0.07,0.03
22.754321,75.898543,15.0,0,0.5,0.7,9.5,0.10,0.07,0.03
22.754309,75.898538,15.0,0,0.5,0.7,9.5,0.10,0.07,0.03
22.754297,75.898533,15.0,0,0.5,0.7,9.5,0.10,0.07,0.03
22.754285,75.898528,15.0,0,0.5,0.7,9.5,0.10,0.07,0.03
22.754274,75.898524,15.0,0,0.5,0.7,9.5,0.10,0.07,0.03
22.754262,75.898519,15.0,0,0.5,0.7,9.5,0.10,0.07,0.03
22.754250,75.898514,15.0,0,0.5,0.7,9.5,0.10,0.07,0.03
22.754239,75.898510,15.0,0,0.5,0.7,9.5,0.10,0.07,0.03
22.754227,75.898505,15.0,0,0.5,0.7,9.5,0.10,0.07,0.03
22.754215,75.898500,15.0,0,0.5,0.7,9.5,0.10,0.07,0.03
22.754204,75.898495,15.0,0,0.5,0.7,9.5,0.10,0.07,0.03
22.754192,75.898491,15.0,0,0.5,0.7,9.5,0.10,0.07,0.03
22.754180,75.898486,15.0,0,0.5,0.7,9.5,0.10,0.07,0.03
22.754169,75.898481,15.0,0,0.5,0.7,9.5,0.10,0.07,0.03
22.754157,75.898477,15.0,0,0.5,0.7,9.5,0.10,0.07,0.03
22.754145,75.898472,15.0,0,0.5,0.7,9.5,0.10,0.07,0.03
22.754134,75.898467,15.0,0,0.5,0.7,9.5,0.10,0.07,0.03
22.754122,75.898463,15.0,0,0.5,0.7,9.5,0.10,0.07,0.03
22.754110,75.898458,15.0,0,0.5,0.7,9.5,0.10,0.07,0.03
22.754099,75.898453,15.0,0,0.5,0.7,9.5,0.10,0.07,0.03
22.754087,75.898448,15.0,0,0.5,0.7,9.5,0.10,0.07,0.03
22.754076,75.898444,15.0,0,0.5,0.7,9.5,0.10,0.07,0.03
22.754064,75.898439,15.0,0,0.5,0.7,9.5,0.10,0.07,0.03
22.754052,75.898434,15.0,0,0.5,0.7,9.5,0.10,0.07,0.03
22.754041,75.898430,15.0,0,0.5,0.7,9.5,0.10,0.07,0.03
22.754029,75.898425,15.0,0,0.5,0.7,9.5,0.10,0.07,0.03
22.754018,75.898420,15.0,0,0.5,0.7,9.5,0.10,0.07,0.03
22.754006,75.898416,15.0,0,0.5,0.7,9.5,0.10,0.07,0.03
22.753995,75.898411,15.0,0,0.5,0.7,9.5,0.10,0.07,0.03
22.753983,75.898406,15.0,0,0.5,0.7,9.5,0.10,0.07,0.03
22.753971,75.898402,15.0,0,0.5,0.7,9.5,0.10,0.07,0.03
22.753960,75.898397,15.0,0,0.5,0.7,9.5,0.10,0.07,0.03
22.753948,75.898392,15.0,0,0.5,0.7,9.5,0.10,0.07,0.03
22.753937,75.898388,15.0,0,0.5,0.7,9.5,0.10,0.07,0.03
22.753925,75.898383,15.0,0,0.5,0.7,9.5,0.10,0.07,0.03
22.753914,75.898378,15.0,0,0.5,0.7,9.5,0.10,0.07,0.03
22.753902,75.898374,15.0,0,0.5,0.7,9.5,0.10,0.07,0.03
22.753891,75.898369,15.0,0,0.5,0.7,9.5,0.10,0.07,0.03
22.753879,75.898364,15.0,0,0.5,0.7,9.5,0.10,0.07,0.03
22.753868,75.898360,15.0,0,0.5,0.7,9.5,0.10,0.07,0.03
22.753856,75.898355,15.0,0,0.5,0.7,9.5,0.10,0.07,0.03
22.753845,75.898350,15.0,0,0.5,0.7,9.5,0.10,0.07,0.03
22.753833,75.898346,15.0,0,0.5,0.7,9.5,0.10,0.07,0.03
22.753822,75.898341,15.0,0,0.5,0.7,9.5,0.10,0.07,0.03
22.753811,75.898336,15.0,0,0.5,0.7,9.5,0.10,0.07,0.03
22.753799,75.898332,15.0,0,0.5,0.7,9.5,0.10,0.07,0.03
22.753788,75.898327,15.0,0,0.5,0.7,9.5,0.10,0.07,0.03
22.753776,75.898323,15.0,0,0.5,0.7,9.5,0.10,0.07,0.03
22.753765,75.898318,15.0,0,0.5,0.7,9.5,0.10,0.07,0.03
22.753753,75.898313,15.0,0,0.5,0.7,9.5,0.10,0.07,0.03
22.753742,75.898309,15.0,0,0.5,0.7,9.5,0.10,0.07,0.03
22.753731,75.898304,15.0,0,0.5,0.7,9.5,0.10,0.07,0.03
22.753719,75.898299,15.0,0,0.5,0.7,9.5,0.10,0.07,0.03
22.753708,75.898295,15.0,0,0.5,0.7,9.5,0.10,0.07,0.03
22.753696,75.898290,15.0,0,0.5,0.7,9.5,0.10,0.07,0.03
22.753685,75.898285,15.0,0,0.5,0.7,9.5,0.10,0.07,0.03
22.753674,75.898281,15.0,0,0.5,0.7,9.5,0.10,0.07,0.03
22.753662,75.898276,15.0,0,0.5,0.7,9.5,0.10,0.07,0.03
22.753651,75.898272,15.0,0,0.5,0.7,9.5,0.10,0.07,0.03
22.753640,75.898267,15.0,0,0.5,0.7,9.5,0.10,0.07,0.03
22.753628,75.898262,15.0,0,0.5,0.7,9.5,0.10,0.07,0.03
22.753617,75.898258,15.0,0,0.5,0.7,9.5,0.10,0.07,0.03
22.753606,75.898253,15.0,0,0.5,0.7,9.5,0.10,0.07,0.03
22.753594,75.898249,15.0,0,0.5,0.7,9.5,0.10,0.07,0.03
22.753583,75.898244,15.0,0,0.5,0.7,9.5,0.10,0.07,0.03
22.753572,75.898239,15.0,0,0.5,0.7,9.5,0.10,0.07,0.03
22.753560,75.898235,15.0,0,0.5,0.7,9.5,0.10,0.07,0.03
22.753549,75.898230,15.0,0,0.5,0.7,9.5,0.10,0.07,0.03
22.753538,75.898226,15.0,0,0.5,0.7,9.5,0.10,0.07,0.03
22.753526,75.898221,15.0,0,0.5,0.7,9.5,0.10,0.07,0.03
22.753515,75.898216,15.0,0,0.5,0.7,9.5,0.10,0.07,0.03
22.753504,75.898212,15.0,0,0.5,0.7,9.5,0.10,0.07,0.03
22.753493,75.898207,15.0,0,0.5,0.7,9.5,0.10,0.07,0.03
22.753481,75.898203,15.0,0,0.5,0.7,9.5,0.10,0.07,0.03
22.753470,75.898198,15.0,0,0.5,0.7,9.5,0.10,0.07,0.03
22.753459,75.898193,15.0,0,0.5,0.7,9.5,0.10,0.07,0.03
22.753448,75.898189,15.0,0,0.5,0.7,9.5,0.10,0.07,0.03
22.753436,75.898184,15.0,0,0.5,0.7,9.5,0.10,0.07,0.03
22.753425,75.898180,15.0,0,0.5,0.7,9.5,0.10,0.07,0.03
22.753414,75.898175,15.0,0,0.5,0.7,9.5,0.10,0.07,0.03
22.753403,75.898170,15.0,0,0.5,0.7,9.5,0.10,0.07,0.03
22.753391,75.898166,15.0,0,0.5,0.7,9.5,0.10,0.07,0.03
22.753380,75.898161,15.0,0,0.5,0.7,9.5,0.10,0.07,0.03
22.753369,75.898157,15.0,0,0.5,0.7,9.5,0.10,0.07,0.03
22.753358,75.898152,15.0,0,0.5,0.7,9.5,0.10,0.07,0.03
22.753347,75.898148,15.0,0,0.5,0.7,9.5,0.10,0.07,0.03
22.753336,75.898143,15.0,0,0.5,0.7,9.5,0.10,0.07,0.03
22.753324,75.898138,15.0,0,0.5,0.7,9.5,0.10,0.07,0.03
22.753313,75.898134,15.0,0,0.5,0.7,9.5,0.10,0.07,0.03
22.753302,75.898129,15.0,0,0.5,0.7,9.5,0.10,0.07,0.03
22.753291,75.898125,15.0,0,0.5,0.7,9.5,0.10,0.07,0.03
22.753280,75.898120,15.0,0,0.5,0.7,9.5,0.10,0.07,0.03
22.753269,75.898116,15.0,0,0.5,0.7,9.5,0.10,0.07,0.03
22.753258,75.898111,15.0,0,0.5,0.7,9.5,0.10,0.07,0.03
22.753246,75.898107,15.0,0,0.5,0.7,9.5,0.10,0.07,0.03
22.753235,75.898102,15.0,0,0.5,0.7,9.5,0.10,0.07,0.03
22.753224,75.898097,15.0,0,0.5,0.7,9.5,0.10,0.07,0.03
22.753213,75.898093,15.0,0,0.5,0.7,9.5,0.10,0.07,0.03
22.753202,75.898088,15.0,0,0.5,0.7,9.5,0.10,0.07,0.03
22.753191,75.898084,15.0,0,0.5,0.7,9.5,0.10,0.07,0.03
22.753180,75.898079,15.0,0,0.5,0.7,9.5,0.10,0.07,0.03
22.753169,75.898075,15.0,0,0.5,0.7,9.5,0.10,0.07,0.03
22.753158,75.898070,15.0,0,0.5,0.7,9.5,0.10,0.07,0.03
22.753147,75.898066,15.0,0,0.5,0.7,9.5,0.10,0.07,0.03
22.753136,75.898061,15.0,0,0.5,0.7,9.5,0.10,0.07,0.03
22.753124,75.898057,15.0,0,0.5,0.7,9.5,0.10,0.07,0.03
22.753113,75.898052,15.0,0,0.5,0.7,9.5,0.10,0.07,0.03
22.753102,75.898048,15.0,0,0.5,0.7,9.5,0.10,0.07,0.03
22.753091,75.898043,15.0,0,0.5,0.7,9.5,0.10,0.07,0.03
22.753080,75.898038,15.0,0,0.5,0.7,9.5,0.10,0.07,0.03
22.753069,75.898034,15.0,0,0.5,0.7,9.5,0.10,0.07,0.03
22.753058,75.898029,15.0,0,0.5,0.7,9.5,0.10,0.07,0.03
22.753047,75.898025,15.0,0,0.5,0.7,9.5,0.10,0.07,0.03
22.753036,75.898020,15.0,0,0.5,0.7,9.5,0.10,0.07,0.03
22.753025,75.898016,15.0,0,0.5,0.7,9.5,0.10,0.07,0.03
22.753014,75.898011,15.0,0,0.5,0.7,9.5,0.10,0.07,0.03
22.753003,75.898007,15.0,0,0.5,0.7,9.5,0.10,0.07,0.03
22.752992,75.898002,15.0,0,0.5,0.7,9.5,0.10,0.07,0.03
22.752981,75.897998,15.0,0,0.5,0.7,9.5,0.10,0.07,0.03
22.752970,75.897993,15.0,0,0.5,0.7,9.5,0.10,0.07,0.03
22.752959,75.897989,15.0,0,0.5,0.7,9.5,0.10,0.07,0.03
22.752949,75.897984,15.0,0,0.5,0.7,9.5,0.10,0.07,0.03
22.752938,75.897980,15.0,0,0.5,0.7,9.5,0.10,0.07,0.03
22.752927,75.897975,15.0,0,0.5,0.7,9.5,0.10,0.07,0.03
22.752916,75.897971,15.0,0,0.5,0.7,9.5,0.10,0.07,0.03
22.752905,75.897966,15.0,0,0.5,0.7,9.5,0.10,0.07,0.03
22.752894,75.897962,15.0,0,0.5,0.7,9.5,0.10,0.07,0.03
22.752883,75.897957,15.0,0,0.5,0.7,9.5,0.10,0.07,0.03
22.752872,75.897953,15.0,0,0.5,0.7,9.5,0.10,0.07,0.03
22.752861,75.897948,15.0,0,0.5,0.7,9.5,0.10,0.07,0.03
22.752850,75.897944,15.0,0,0.5,0.7,9.5,0.10,0.07,0.03
22.752839,75.897939,15.0,0,0.5,0.7,9.5,0.10,0.07,0.03
22.752829,75.897935,15.0,0,0.5,0.7,9.5,0.10,0.07,0.03
22.752818,75.897930,15.0,0,0.5,0.7,9.5,0.10,0.07,0.03
22.752807,75.897926,15.0,0,0.5,0.7,9.5,0.10,0.07,0.03
22.752796,75.897921,15.0,0,0.5,0.7,9.5,0.10,0.07,0.03
22.752785,75.897917,15.0,0,0.5,0.7,9.5,0.10,0.07,0.03
22.752774,75.897913,15.0,0,0.5,0.7,9.5,0.10,0.07,0.03
22.752763,75.897908,15.0,0,0.5,0.7,9.5,0.10,0.07,0.03
22.752753,75.897904,15.0,0,0.5,0.7,9.5,0.10,0.07,0.03
22.752742,75.897899,15.0,0,0.5,0.7,9.5,0.10,0.07,0.03
22.752731,75.897895,15.0,0,0.5,0.7,9.5,0.10,0.07,0.03
22.752720,75.897890,15.0,0,0.5,0.7,9.5,0.10,0.07,0.03
22.752709,75.897886,15.0,0,0.5,0.7,9.5,0.10,0.07,0.03
22.752699,75.897881,15.0,0,0.5,0.7,9.5,0.10,0.07,0.03
22.752688,75.897877,15.0,0,0.5,0.7,9.5,0.10,0.07,0.03
22.752677,75.897872,15.0,0,0.5,0.7,9.5,0.10,0.07,0.03
22.752666,75.897868,15.0,0,0.5,0.7,9.5,0.10,0.07,0.03
22.752655,75.897863,15.0,0,0.5,0.7,9.5,0.10,0.07,0.03
22.752645,75.897859,15.0,0,0.5,0.7,9.5,0.10,0.07,0.03
22.752634,75.897855,15.0,0,0.5,0.7,9.5,0.10,0.07,0.03
22.752623,75.897850,15.0,0,0.5,0.7,9.5,0.10,0.07,0.03
22.752612,75.897846,15.0,0,0.5,0.7,9.5,0.10,0.07,0.03
22.752602,75.897841,15.0,0,0.5,0.7,9.5,0.10,0.07,0.03
22.752591,75.897837,15.0,0,0.5,0.7,9.5,0.10,0.07,0.03
22.752580,75.897832,15.0,0,0.5,0.7,9.5,0.10,0.07,0.03
22.752570,75.897828,15.0,0,0.5,0.7,9.5,0.10,0.07,0.03
22.752559,75.897824,15.0,0,0.5,0.7,9.5,0.10,0.07,0.03
22.752548,75.897819,15.0,0,0.5,0.7,9.5,0.10,0.07,0.03
22.752537,75.897815,15.0,0,0.5,0.7,9.5,0.10,0.07,0.03
22.752527,75.897810,15.0,0,0.5,0.7,9.5,0.10,0.07,0.03
22.752516,75.897806,15.0,0,0.5,0.7,9.5,0.10,0.07,0.03
22.752505,75.897801,15.0,0,0.5,0.7,9.5,0.10,0.07,0.03
22.752495,75.897797,15.0,0,0.5,0.7,9.5,0.10,0.07,0.03
22.752484,75.897793,15.0,0,0.5,0.7,9.5,0.10,0.07,0.03
22.752473,75.897788,15.0,0,0.5,0.7,9.5,0.10,0.07,0.03
22.752463,75.897784,15.0,0,0.5,0.7,9.5,0.10,0.07,0.03
22.752452,75.897779,15.0,0,0.5,0.7,9.5,0.10,0.07,0.03
22.752441,75.897775,15.0,0,0.5,0.7,9.5,0.10,0.07,0.03
22.752431,75.897770,15.0,0,0.5,0.7,9.5,0.10,0.07,0.03
22.752420,75.897766,15.0,0,0.5,0.7,9.5,0.10,0.07,0.03
22.752410,75.897762,15.0,0,0.5,0.7,9.5,0.10,0.07,0.03
22.752399,75.897757,15.0,0,0.5,0.7,9.5,0.10,0.07,0.03
22.752388,75.897753,15.0,0,0.5,0.7,9.5,0.10,0.07,0.03
22.752378,75.897748,15.0,0,0.5,0.7,9.5,0.10,0.07,0.03
22.752367,75.897744,15.0,0,0.5,0.7,9.5,0.10,0.07,0.03
22.752357,75.897740,15.0,0,0.5,0.7,9.5,0.10,0.07,0.03
22.752346,75.897735,15.0,0,0.5,0.7,9.5,0.10,0.07,0.03
22.752335,75.897731,15.0,0,0.5,0.7,9.5,0.10,0.07,0.03
22.752325,75.897726,15.0,0,0.5,0.7,9.5,0.10,0.07,0.03
22.752314,75.897722,15.0,0,0.5,0.7,9.5,0.10,0.07,0.03
22.752304,75.897718,15.0,0,0.5,0.7,9.5,0.10,0.07,0.03
22.752293,75.897713,15.0,0,0.5,0.7,9.5,0.10,0.07,0.03
22.752283,75.897709,15.0,0,0.5,0.7,9.5,0.10,0.07,0.03
22.752272,75.897705,15.0,0,0.5,0.7,9.5,0.10,0.07,0.03
22.752262,75.897700,15.0,0,0.5,0.7,9.5,0.10,0.07,0.03
22.752251,75.897696,15.0,0,0.5,0.7,9.5,0.10,0.07,0.03
22.752241,75.897691,15.0,0,0.5,0.7,9.5,0.10,0.07,0.03
22.752230,75.897687,15.0,0,0.5,0.7,9.5,0.10,0.07,0.03
22.752220,75.897683,15.0,0,0.5,0.7,9.5,0.10,0.07,0.03
22.752209,75.897678,15.0,0,0.5,0.7,9.5,0.10,0.07,0.03
22.752199,75.897674,15.0,0,0.5,0.7,9.5,0.10,0.07,0.03
22.752188,75.897670,15.0,0,0.5,0.7,9.5,0.10,0.07,0.03
22.752178,75.897665,15.0,0,0.5,0.7,9.5,0.10,0.07,0.03
22.752167,75.897661,15.0,0,0.5,0.7,9.5,0.10,0.07,0.03
22.752157,75.897656,15.0,0,0.5,0.7,9.5,0.10,0.07,0.03
22.752146,75.897652,15.0,0,0.5,0.7,9.5,0.10,0.07,0.03
22.752136,75.897648,15.0,0,0.5,0.7,9.5,0.10,0.07,0.03
22.752125,75.897643,15.0,0,0.5,0.7,9.5,0.10,0.07,0.03
22.752115,75.897639,15.0,0,0.5,0.7,9.5,0.10,0.07,0.03
22.752104,75.897635,15.0,0,0.5,0.7,9.5,0.10,0.07,0.03
22.752094,75.897630,15.0,0,0.5,0.7,9.5,0.10,0.07,0.03
22.752083,75.897626,15.0,0,0.5,0.7,9.5,0.10,0.07,0.03
22.752073,75.897621,15.0,0,0.5,0.7,9.5,0.10,0.07,0.03
22.752062,75.897617,15.0,0,0.5,0.7,9.5,0.10,0.07,0.03
22.752052,75.897613,15.0,0,0.5,0.7,9.5,0.10,0.07,0.03
22.752041,75.897608,15.0,0,0.5,0.7,9.5,0.10,0.07,0.03
22.752031,75.897604,15.0,0,0.5,0.7,9.5,0.10,0.07,0.03
22.752020,75.897600,15.0,0,0.5,0.7,9.5,0.10,0.07,0.03
22.752010,75.897595,15.0,0,0.5,0.7,9.5,0.10,0.07,0.03
22.751999,75.897591,15.0,0,0.5,0.7,9.5,0.10,0.07,0.03
22.751989,75.897586,15.0,0,0.5,0.7,9.5,0.10,0.07,0.03
22.751978,75.897582,15.0,0,0.5,0.7,9.5,0.10,0.07,0.03
22.751968,75.897578,15.0,0,0.5,0.7,9.5,0.10,0.07,0.03
22.751957,75.897573,15.0,0,0.5,0.7,9.5,0.10,0.07,0.03
22.751947,75.897569,15.0,0,0.5,0.7,9.5,0.10,0.07,0.03
22.751936,75.897565,15.0,0,0.5,0.7,9.5,0.10,0.07,0.03
22.751926,75.897560,15.0,0,0.5,0.7,9.5,0.10,0.07,0.03
22.751915,75.897556,15.0,0,0.5,0.7,9.5,0.10,0.07,0.03
22.751905,75.897551,15.0,0,0.5,0.7,9.5,0.10,0.07,0.03
22.751894,75.897547,15.0,0,0.5,0.7,9.5,0.10,0.07,0.03
22.751884,75.897543,15.0,0,0.5,0.7,9.5,0.10,0.07,0.03
22.751873,75.897538,15.0,0,0.5,0.7,9.5,0.10,0.07,0.03
22.751863,75.897534,15.0,0,0.5,0.7,9.5,0.10,0.07,0.03
22.751852,75.897529,15.0,0,0.5,0.7,9.5,0.10,0.07,0.03
22.751842,75.897525,15.0,0,0.5,0.7,9.5,0.10,0.07,0.03
22.751831,75.897521,15.0,0,0.5,0.7,9.5,0.10,0.07,0.03
22.751821,75.897516,15.0,0,0.5,0.7,9.5,0.10,0.07,0.03
22.751810,75.897512,15.0,0,0.5,0.7,9.5,0.10,0.07,0.03
22.751800,75.897507,15.0,0,0.5,0.7,9.5,0.10,0.07,0.03
22.751789,75.897503,15.0,0,0.5,0.7,9.5,0.10,0.07,0.03
22.751779,75.897499,15.0,0,0.5,0.7,9.5,0.10,0.07,0.03
22.751768,75.897494,15.0,0,0.5,0.7,9.5,0.10,0.07,0.03
22.751758,75.897490,15.0,0,0.5,0.7,9.5,0.10,0.07,0.03
22.751748,75.897485,15.0,0,0.5,0.7,9.5,0.10,0.07,0.03
22.751737,75.897481,15.0,0,0.5,0.7,9.5,0.10,0.07,0.03
22.751727,75.897477,15.0,0,0.5,0.7,9.5,0.10,0.07,0.03
22.751716,75.897472,15.0,0,0.5,0.7,9.5,0.10,0.07,0.03
22.751706,75.897468,15.0,0,0.5,0.7,9.5,0.10,0.07,0.03
22.751695,75.897463,15.0,0,0.5,0.7,9.5,0.10,0.07,0.03
22.751685,75.897459,15.0,0,0.5,0.7,9.5,0.10,0.07,0.03
22.751674,75.897455,15.0,0,0.5,0.7,9.5,0.10,0.07,0.03
22.751664,75.897450,15.0,0,0.5,0.7,9.5,0.10,0.07,0.03
22.751653,75.897446,15.0,0,0.5,0.7,9.5,0.10,0.07,0.03
22.751643,75.897441,15.0,0,0.5,0.7,9.5,0.10,0.07,0.03
22.751632,75.897437,15.0,0,0.5,0.7,9.5,0.10,0.07,0.03
22.751622,75.897433,15.0,0,0.5,0.7,9.5,0.10,0.07,0.03
22.751611,75.897428,15.0,0,0.5,0.7,9.5,0.10,0.07,0.03
22.751601,75.897424,15.0,0,0.5,0.7,9.5,0.10,0.07,0.03
22.751590,75.897419,15.0,0,0.5,0.7,9.5,0.10,0.07,0.03
22.751580,75.897415,15.0,0,0.5,0.7,9.5,0.10,0.07,0.03
22.751569,75.897411,15.0,0,0.5,0.7,9.5,0.10,0.07,0.03
22.751559,75.897406,15.0,0,0.5,0.7,9.5,0.10,0.07,0.03
22.751548,75.897402,15.0,0,0.5,0.7,9.5,0.10,0.07,0.03
22.751538,75.897397,15.0,0,0.5,0.7,9.5,0.10,0.07,0.03
22.751527,75.897393,15.0,0,0.5,0.7,9.5,0.10,0.07,0.03
22.751517,75.897389,15.0,0,0.5,0.7,9.5,0.10,0.07,0.03
22.751506,75.897384,15.0,0,0.5,0.7,9.5,0.10,0.07,0.03
22.751496,75.897380,15.0,0,0.5,0.7,9.5,0.10,0.07,0.03
22.751485,75.897375,15.0,0,0.5,0.7,9.5,0.10,0.07,0.03
22.751475,75.897371,15.0,0,0.5,0.7,9.5,0.10,0.07,0.03
22.751465,75.897366,15.0,0,0.5,0.7,9.5,0.10,0.07,0.03
22.751454,75.897362,15.0,0,0.5,0.7,9.5,0.10,0.07,0.03
22.751444,75.897358,15.0,0,0.5,0.7,9.5,0.10,0.07,0.03
22.751433,75.897353,15.0,0,0.5,0.7,9.5,0.10,0.07,0.03
22.751423,75.897349,15.0,0,0.5,0.7,9.5,0.10,0.07,0.03
22.751412,75.897344,15.0,0,0.5,0.7,9.5,0.10,0.07,0.03
22.751402,75.897340,15.0,0,0.5,0.7,9.5,0.10,0.07,0.03
22.751391,75.897336,15.0,0,0.5,0.7,9.5,0.10,0.07,0.03
22.751381,75.897331,15.0,0,0.5,0.7,9.5,0.10,0.07,0.03
22.751370,75.897327,15.0,0,0.5,0.7,9.5,0.10,0.07,0.03
22.751360,75.897322,15.0,0,0.5,0.7,9.5,0.10,0.07,0.03
22.751349,75.897318,15.0,0,0.5,0.7,9.5,0.10,0.07,0.03
22.751339,75.897313,15.0,0,0.5,0.7,9.5,0.10,0.07,0.03
22.751328,75.897309,15.0,0,0.5,0.7,9.5,0.10,0.07,0.03
22.751318,75.897305,15.0,0,0.5,0.7,9.5,0.10,0.07,0.03
22.751307,75.897300,15.0,0,0.5,0.7,9.5,0.10,0.07,0.03
22.751297,75.897296,15.0,0,0.5,0.7,9.5,0.10,0.07,0.03
22.751286,75.897291,15.0,0,0.5,0.7,9.5,0.10,0.07,0.03
22.751276,75.897287,15.0,0,0.5,0.7,9.5,0.10,0.07,0.03
22.751265,75.897282,15.0,0,0.5,0.7,9.5,0.10,0.07,0.03
22.751255,75.897278,15.0,0,0.5,0.7,9.5,0.10,0.07,0.03
22.751245,75.897274,15.0,0,0.5,0.7,9.5,0.10,0.07,0.03
22.751234,75.897269,15.0,0,0.5,0.7,9.5,0.10,0.07,0.03
22.751224,75.897265,15.0,0,0.5,0.7,9.5,0.10,0.07,0.03
22.751213,75.897260,15.0,0,0.5,0.7,9.5,0.10,0.07,0.03
22.751203,75.897256,15.0,0,0.5,0.7,9.5,0.10,0.07,0.03
22.751192,75.897251,15.0,0,0.5,0.7,9.5,0.10,0.07,0.03
22.751182,75.897247,15.0,0,0.5,0.7,9.5,0.10,0.07,0.03
22.751171,75.897243,15.0,0,0.5,0.7,9.5,0.10,0.07,0.03
22.751161,75.897238,15.0,0,0.5,0.7,9.5,0.10,0.07,0.03
22.751150,75.897234,15.0,0,0.5,0.7,9.5,0.10,0.07,0.03
22.751140,75.897229,15.0,0,0.5,0.7,9.5,0.10,0.07,0.03
22.751129,75.897225,15.0,0,0.5,0.7,9.5,0.10,0.07,0.03
22.751119,75.897220,15.0,0,0.5,0.7,9.5,0.10,0.07,0.03
22.751108,75.897216,15.0,0,0.5,0.7,9.5,0.10,0.07,0.03
22.751098,75.897212,15.0,0,0.5,0.7,9.5,0.10,0.07,0.03
22.751087,75.897207,15.0,0,0.5,0.7,9.5,0.10,0.07,0.03
22.751077,75.897203,15.0,0,0.5,0.7,9.5,0.10,0.07,0.03
22.751067,75.897198,15.0,0,0.5,0.7,9.5,0.10,0.07,0.03
22.751056,75.897194,15.0,0,0.5,0.7,9.5,0.10,0.07,0.03
22.751046,75.897189,15.0,0,0.5,0.7,9.5,0.10,0.07,0.03
22.751035,75.897185,15.0,0,0.5,0.7,9.5,0.10,0.07,0.03
22.751025,75.897180,15.0,0,0.5,0.7,9.5,0.10,0.07,0.03
22.751014,75.897176,15.0,0,0.5,0.7,9.5,0.10,0.07,0.03
22.751004,75.897172,15.0,0,0.5,0.7,9.5,0.10,0.07,0.03
22.750993,75.897167,15.0,0,0.5,0.7,9.5,0.10,0.07,0.03
22.750983,75.897163,15.0,0,0.5,0.7,9.5,0.10,0.07,0.03
22.750972,75.897158,15.0,0,0.5,0.7,9.5,0.10,0.07,0.03
22.750962,75.897154,15.0,0,0.5,0.7,9.5,0.10,0.07,0.03
22.750951,75.897149,15.0,0,0.5,0.7,9.5,0.10,0.07,0.03
22.750941,75.897145,15.0,0,0.5,0.7,9.5,0.10,0.07,0.03
22.750930,75.897140,15.0,0,0.5,0.7,9.5,0.10,0.07,0.03
22.750920,75.897136,15.0,0,0.5,0.7,9.5,0.10,0.07,0.03
22.750910,75.897132,15.0,0,0.5,0.7,9.5,0.10,0.07,0.03
22.750899,75.897127,15.0,0,0.5,0.7,9.5,0.10,0.07,0.03
22.750889,75.897123,15.0,0,0.5,0.7,9.5,0.10,0.07,0.03
22.750878,75.897118,15.0,0,0.5,0.7,9.5,0.10,0.07,0.03
22.750868,75.897114,15.0,0,0.5,0.7,9.5,0.10,0.07,0.03
22.750857,75.897109,15.0,0,0.5,0.7,9.5,0.10,0.07,0.03
22.750847,75.897105,15.0,0,0.5,0.7,9.5,0.10,0.07,0.03
22.750836,75.897100,15.0,0,0.5,0.7,9.5,0.10,0.07,0.03
22.750826,75.897096,15.0,0,0.5,0.7,9.5,0.10,0.07,0.03
22.750815,75.897091,15.0,0,0.5,0.7,9.5,0.10,0.07,0.03
22.750805,75.897087,15.0,0,0.5,0.7,9.5,0.10,0.07,0.03
22.750794,75.897083,15.0,0,0.5,0.7,9.5,0.10,0.07,0.03
22.750784,75.897078,15.0,0,0.5,0.7,9.5,0.10,0.07,0.03
22.750773,75.897074,15.0,0,0.5,0.7,9.5,0.10,0.07,0.03
22.750763,75.897069,15.0,0,0.5,0.7,9.5,0.10,0.07,0.03
22.750753,75.897065,15.0,0,0.5,0.7,9.5,0.10,0.07,0.03
22.750742,75.897060,15.0,0,0.5,0.7,9.5,0.10,0.07,0.03
22.750732,75.897056,15.0,0,0.5,0.7,9.5,0.10,0.07,0.03
22.750721,75.897051,15.0,0,0.5,0.7,9.5,0.10,0.07,0.03
22.750711,75.897047,15.0,0,0.5,0.7,9.5,0.10,0.07,0.03
22.750700,75.897042,15.0,0,0.5,0.7,9.5,0.10,0.07,0.03
22.750690,75.897038,15.0,0,0.5,0.7,9.5,0.10,0.07,0.03
22.750679,75.897033,15.0,0,0.5,0.7,9.5,0.10,0.07,0.03
22.750669,75.897029,15.0,0,0.5,0.7,9.5,0.10,0.07,0.03
22.750658,75.897025,15.0,0,0.5,0.7,9.5,0.10,0.07,0.03
22.750648,75.897020,15.0,0,0.5,0.7,9.5,0.10,0.07,0.03
22.750638,75.897016,15.0,0,0.5,0.7,9.5,0.10,0.07,0.03
22.750627,75.897011,15.0,0,0.5,0.7,9.5,0.10,0.07,0.03
22.750617,75.897007,15.0,0,0.5,0.7,9.5,0.10,0.07,0.03
22.750606,75.897002,15.0,0,0.5,0.7,9.5,0.10,0.07,0.03
22.750596,75.896998,15.0,0,0.5,0.7,9.5,0.10,0.07,0.03
22.750585,75.896993,15.0,0,0.5,0.7,9.5,0.10,0.07,0.03
22.750575,75.896989,15.0,0,0.5,0.7,9.5,0.10,0.07,0.03
22.750564,75.896984,15.0,0,0.5,0.7,9.5,0.10,0.07,0.03
22.750554,75.896980,15.0,0,0.5,0.7,9.5,0.10,0.07,0.03
22.750543,75.896975,15.0,0,0.5,0.7,9.5,0.10,0.07,0.03
22.750533,75.896971,15.0,0,0.5,0.7,9.5,0.10,0.07,0.03
22.750522,75.896966,15.0,0,0.5,0.7,9.5,0.10,0.07,0.03
22.750512,75.896962,15.0,0,0.5,0.7,9.5,0.10,0.07,0.03
22.750502,75.896957,15.0,0,0.5,0.7,9.5,0.10,0.07,0.03
22.750491,75.896953,15.0,0,0.5,0.7,9.5,0.10,0.07,0.03
22.750481,75.896948,15.0,0,0.5,0.7,9.5,0.10,0.07,0.03
22.750470,75.896944,15.0,0,0.5,0.7,9.5,0.10,0.07,0.03
22.750460,75.896940,15.0,0,0.5,0.7,9.5,0.10,0.07,0.03
22.750449,75.896935,15.0,0,0.5,0.7,9.5,0.10,0.07,0.03
22.750439,75.896931,15.0,0,0.5,0.7,9.5,0.10,0.07,0.03
22.750428,75.896926,15.0,0,0.5,0.7,9.5,0.10,0.07,0.03
22.750418,75.896922,15.0,0,0.5,0.7,9.5,0.10,0.07,0.03
22.750407,75.896917,15.0,0,0.5,0.7,9.5,0.10,0.07,0.03
22.750397,75.896913,15.0,0,0.5,0.7,9.5,0.10,0.07,0.03
22.750387,75.896908,15.0,0,0.5,0.7,9.5,0.10,0.07,0.03
22.750376,75.896904,15.0,0,0.5,0.7,9.5,0.10,0.07,0.03
22.750366,75.896899,15.0,0,0.5,0.7,9.5,0.10,0.07,0.03
22.750355,75.896895,15.0,0,0.5,0.7,9.5,0.10,0.07,0.03
22.750345,75.896890,15.0,0,0.5,0.7,9.5,0.10,0.07,0.03
22.750334,75.896886,15.0,0,0.5,0.7,9.5,0.10,0.07,0.03
22.750324,75.896881,15.0,0,0.5,0.7,9.5,0.10,0.07,0.03
22.750313,75.896877,15.0,0,0.5,0.7,9.5,0.10,0.07,0.03
22.750303,75.896872,15.0,0,0.5,0.7,9.5,0.10,0.07,0.03
22.750292,75.896868,15.0,0,0.5,0.7,9.5,0.10,0.07,0.03
22.750282,75.896863,15.0,0,0.5,0.7,9.5,0.10,0.07,0.03
22.750272,75.896859,15.0,0,0.5,0.7,9.5,0.10,0.07,0.03
22.750261,75.896854,15.0,0,0.5,0.7,9.5,0.10,0.07,0.03
22.750251,75.896850,15.0,0,0.5,0.7,9.5,0.10,0.07,0.03
22.750240,75.896845,15.0,0,0.5,0.7,9.5,0.10,0.07,0.03
22.750230,75.896841,15.0,0,0.5,0.7,9.5,0.10,0.07,0.03
22.750219,75.896836,15.0,0,0.5,0.7,9.5,0.10,0.07,0.03
22.750209,75.896832,15.0,0,0.5,0.7,9.5,0.10,0.07,0.03
22.750198,75.896827,15.0,0,0.5,0.7,9.5,0.10,0.07,0.03
22.750188,75.896823,15.0,0,0.5,0.7,9.5,0.10,0.07,0.03
22.750178,75.896818,15.0,0,0.5,0.7,9.5,0.10,0.07,0.03
22.750167,75.896814,15.0,0,0.5,0.7,9.5,0.10,0.07,0.03
22.750157,75.896809,15.0,0,0.5,0.7,9.5,0.10,0.07,0.03
22.750146,75.896805,15.0,0,0.5,0.7,9.5,0.10,0.07,0.03
22.750136,75.896800,15.0,0,0.5,0.7,9.5,0.10,0.07,0.03
22.750125,75.896796,15.0,0,0.5,0.7,9.5,0.10,0.07,0.03
22.750115,75.896791,15.0,0,0.5,0.7,9.5,0.10,0.07,0.03
22.750104,75.896787,15.0,0,0.5,0.7,9.5,0.10,0.07,0.03
22.750094,75.896782,15.0,0,0.5,0.7,9.5,0.10,0.07,0.03
22.750083,75.896778,15.0,0,0.5,0.7,9.5,0.10,0.07,0.03
22.750073,75.896773,15.0,0,0.5,0.7,9.5,0.10,0.07,0.03
22.750062,75.896769,15.0,0,0.5,0.7,9.5,0.10,0.07,0.03
22.750052,75.896764,15.0,0,0.5,0.7,9.5,0.10,0.07,0.03
22.750041,75.896760,15.0,0,0.5,0.7,9.5,0.10,0.07,0.03
22.750031,75.896755,15.0,0,0.5,0.7,9.5,0.10,0.07,0.03
22.750020,75.896751,15.0,0,0.5,0.7,9.5,0.10,0.07,0.03
22.750010,75.896746,15.0,0,0.5,0.7,9.5,0.10,0.07,0.03
22.749999,75.896741,15.0,0,0.5,0.7,9.5,0.10,0.07,0.03
22.749989,75.896737,15.0,0,0.5,0.7,9.5,0.10,0.07,0.03
22.749978,75.896732,15.0,0,0.5,0.7,9.5,0.10,0.07,0.03
22.749967,75.896728,15.0,0,0.5,0.7,9.5,0.10,0.07,0.03
22.749957,75.896723,15.0,0,0.5,0.7,9.5,0.10,0.07,0.03
22.749946,75.896719,15.0,0,0.5,0.7,9.5,0.10,0.07,0.03
22.749935,75.896714,15.0,0,0.5,0.7,9.5,0.10,0.07,0.03
22.749925,75.896709,15.0,0,0.5,0.7,9.5,0.10,0.07,0.03
22.749914,75.896705,15.0,0,0.5,0.7,9.5,0.10,0.07,0.03
22.749903,75.896700,15.0,0,0.5,0.7,9.5,0.10,0.07,0.03
22.749893,75.896695,15.0,0,0.5,0.7,9.5,0.10,0.07,0.03
22.749882,75.896691,15.0,0,0.5,0.7,9.5,0.10,0.07,0.03
22.749871,75.896686,15.0,0,0.5,0.7,9.5,0.10,0.07,0.03
22.749860,75.896682,15.0,0,0.5,0.7,9.5,0.10,0.07,0.03
22.749850,75.896677,15.0,0,0.5,0.7,9.5,0.10,0.07,0.03
22.749839,75.896672,15.0,0,0.5,0.7,9.5,0.10,0.07,0.03
22.749828,75.896668,15.0,0,0.5,0.7,9.5,0.10,0.07,0.03
22.749817,75.896663,15.0,0,0.5,0.7,9.5,0.10,0.07,0.03
22.749807,75.896658,15.0,0,0.5,0.7,9.5,0.10,0.07,0.03
22.749796,75.896654,15.0,0,0.5,0.7,9.5,0.10,0.07,0.03
22.749785,75.896649,15.0,0,0.5,0.7,9.5,0.10,0.07,0.03
22.749774,75.896644,15.0,0,0.5,0.7,9.5,0.10,0.07,0.03
22.749763,75.896639,15.0,0,0.5,0.7,9.5,0.10,0.07,0.03
22.749752,75.896635,15.0,0,0.5,0.7,9.5,0.10,0.07,0.03
22.749741,75.896630,15.0,0,0.5,0.7,9.5,0.10,0.07,0.03
22.749731,75.896625,15.0,0,0.5,0.7,9.5,0.10,0.07,0.03
22.749720,75.896621,15.0,0,0.5,0.7,9.5,0.10,0.07,0.03
22.749709,75.896616,15.0,0,0.5,0.7,9.5,0.10,0.07,0.03
22.749698,75.896611,15.0,0,0.5,0.7,9.5,0.10,0.07,0.03
22.749687,75.896606,15.0,0,0.5,0.7,9.5,0.10,0.07,0.03
22.749676,75.896602,15.0,0,0.5,0.7,9.5,0.10,0.07,0.03
22.749665,75.896597,15.0,0,0.5,0.7,9.5,0.10,0.07,0.03
22.749654,75.896592,15.0,0,0.5,0.7,9.5,0.10,0.07,0.03
22.749643,75.896587,15.0,0,0.5,0.7,9.5,0.10,0.07,0.03
22.749632,75.896583,15.0,0,0.5,0.7,9.5,0.10,0.07,0.03
22.749621,75.896578,15.0,0,0.5,0.7,9.5,0.10,0.07,0.03
22.749610,75.896573,15.0,0,0.5,0.7,9.5,0.10,0.07,0.03
22.749599,75.896568,15.0,0,0.5,0.7,9.5,0.10,0.07,0.03
22.749588,75.896563,15.0,0,0.5,0.7,9.5,0.10,0.07,0.03
22.749577,75.896559,15.0,0,0.5,0.7,9.5,0.10,0.07,0.03
22.749566,75.896554,15.0,0,0.5,0.7,9.5,0.10,0.07,0.03
22.749555,75.896549,15.0,0,0.5,0.7,9.5,0.10,0.07,0.03
22.749544,75.896544,15.0,0,0.5,0.7,9.5,0.10,0.07,0.03
22.749532,75.896539,15.0,0,0.5,0.7,9.5,0.10,0.07,0.03
22.749521,75.896534,15.0,0,0.5,0.7,9.5,0.10,0.07,0.03
22.749510,75.896530,15.0,0,0.5,0.7,9.5,0.10,0.07,0.03
22.749499,75.896525,15.0,0,0.5,0.7,9.5,0.10,0.07,0.03
22.749488,75.896520,15.0,0,0.5,0.7,9.5,0.10,0.07,0.03
22.749477,75.896515,15.0,0,0.5,0.7,9.5,0.10,0.07,0.03
22.749466,75.896510,15.0,0,0.5,0.7,9.5,0.10,0.07,0.03
22.749454,75.896505,15.0,0,0.5,0.7,9.5,0.10,0.07,0.03
22.749443,75.896500,15.0,0,0.5,0.7,9.5,0.10,0.07,0.03
22.749432,75.896496,15.0,0,0.5,0.7,9.5,0.10,0.07,0.03
22.749421,75.896491,15.0,0,0.5,0.7,9.5,0.10,0.07,0.03
22.749409,75.896486,15.0,0,0.5,0.7,9.5,0.10,0.07,0.03
22.749398,75.896481,15.0,0,0.5,0.7,9.5,0.10,0.07,0.03
22.749387,75.896476,15.0,0,0.5,0.7,9.5,0.10,0.07,0.03
22.749376,75.896471,15.0,0,0.5,0.7,9.5,0.10,0.07,0.03
22.749364,75.896466,15.0,0,0.5,0.7,9.5,0.10,0.07,0.03
22.749353,75.896461,15.0,0,0.5,0.7,9.5,0.10,0.07,0.03
22.749342,75.896456,15.0,0,0.5,0.7,9.5,0.10,0.07,0.03
22.749330,75.896451,15.0,0,0.5,0.7,9.5,0.10,0.07,0.03
22.749319,75.896446,15.0,0,0.5,0.7,9.5,0.10,0.07,0.03
22.749308,75.896441,15.0,0,0.5,0.7,9.5,0.10,0.07,0.03
22.749296,75.896436,15.0,0,0.5,0.7,9.5,0.10,0.07,0.03
22.749285,75.896431,15.0,0,0.5,0.7,9.5,0.10,0.07,0.03
22.749274,75.896426,15.0,0,0.5,0.7,9.5,0.10,0.07,0.03
22.749262,75.896422,15.0,0,0.5,0.7,9.5,0.10,0.07,0.03
22.749251,75.896417,15.0,0,0.5,0.7,9.5,0.10,0.07,0.03
22.749239,75.896412,15.0,0,0.5,0.7,9.5,0.10,0.07,0.03
22.749228,75.896407,15.0,0,0.5,0.7,9.5,0.10,0.07,0.03
22.749216,75.896402,15.0,0,0.5,0.7,9.5,0.10,0.07,0.03
22.749205,75.896397,15.0,0,0.5,0.7,9.5,0.10,0.07,0.03
22.749193,75.896392,15.0,0,0.5,0.7,9.5,0.10,0.07,0.03
22.749182,75.896386,15.0,0,0.5,0.7,9.5,0.10,0.07,0.03
22.749170,75.896381,15.0,0,0.5,0.7,9.5,0.10,0.07,0.03
22.749159,75.896376,15.0,0,0.5,0.7,9.5,0.10,0.07,0.03
22.749147,75.896371,15.0,0,0.5,0.7,9.5,0.10,0.07,0.03
22.749136,75.896366,15.0,0,0.5,0.7,9.5,0.10,0.07,0.03
22.749124,75.896361,15.0,0,0.5,0.7,9.5,0.10,0.07,0.03
22.749113,75.896356,15.0,0,0.5,0.7,9.5,0.10,0.07,0.03
22.749101,75.896351,15.0,0,0.5,0.7,9.5,0.10,0.07,0.03
22.749090,75.896346,15.0,0,0.5,0.7,9.5,0.10,0.07,0.03
22.749078,75.896341,15.0,0,0.5,0.7,9.5,0.10,0.07,0.03
22.749066,75.896336,15.0,0,0.5,0.7,9.5,0.10,0.07,0.03
22.749055,75.896331,15.0,0,0.5,0.7,9.5,0.10,0.07,0.03
22.749043,75.896326,15.0,0,0.5,0.7,9.5,0.10,0.07,0.03
22.749031,75.896321,15.0,0,0.5,0.7,9.5,0.10,0.07,0.03
22.749020,75.896316,15.0,0,0.5,0.7,9.5,0.10,0.07,0.03
22.749008,75.896310,2.8,5,0.1,0.2,9.8,0.01,0.02,0.00
22.748996,75.896305,2.4,6,0.1,0.2,9.8,0.01,0.02,0.00
22.748985,75.896300,2.0,7,0.1,0.2,9.8,0.01,0.02,0.00
22.748973,75.896295,1.6,8,0.1,0.2,9.8,0.01,0.02,0.00
22.748961,75.896290,1.2,9,0.1,0.2,9.8,0.01,0.02,0.00
22.748950,75.896285,1.2,11,0.1,0.2,9.8,0.01,0.02,0.00
22.748938,75.896280,1.0,12,0.1,0.2,9.8,0.01,0.02,0.00
22.748926,75.896274,1.1,13,0.1,0.2,9.8,0.01,0.02,0.00
22.748914,75.896269,1.2,10,0.1,0.2,9.8,0.01,0.02,0.00
22.748902,75.896264,1.0,11,0.1,0.2,9.8,0.01,0.02,0.00
22.748891,75.896259,1.1,12,0.1,0.2,9.8,0.01,0.02,0.00
22.748879,75.896254,1.2,13,0.1,0.2,9.8,0.01,0.02,0.00
22.748867,75.896249,1.0,10,0.1,0.2,9.8,0.01,0.02,0.00
22.748855,75.896243,1.1,11,0.1,0.2,9.8,0.01,0.02,0.00
22.748843,75.896238,1.2,12,0.1,0.2,9.8,0.01,0.02,0.00
22.748832,75.896233,1.0,13,0.1,0.2,9.8,0.01,0.02,0.00
22.748820,75.896228,1.1,10,0.1,0.2,9.8,0.01,0.02,0.00
22.748808,75.896223,1.2,11,0.1,0.2,9.8,0.01,0.02,0.00
22.748796,75.896218,1.0,12,0.1,0.2,9.8,0.01,0.02,0.00
22.748785,75.896213,1.1,13,0.1,0.2,9.8,0.01,0.02,0.00
22.748773,75.896207,1.2,10,0.1,0.2,9.8,0.01,0.02,0.00
22.748761,75.896202,1.0,11,0.1,0.2,9.8,0.01,0.02,0.00
22.748750,75.896197,1.1,12,0.1,0.2,9.8,0.01,0.02,0.00
22.748738,75.896192,1.2,13,0.1,0.2,9.8,0.01,0.02,0.00
22.748726,75.896187,1.0,10,0.1,0.2,9.8,0.01,0.02,0.00
22.748715,75.896182,1.1,11,0.1,0.2,9.8,0.01,0.02,0.00
22.748703,75.896177,1.2,12,0.1,0.2,9.8,0.01,0.02,0.00
22.748691,75.896172,1.0,13,0.1,0.2,9.8,0.01,0.02,0.00
22.748680,75.896167,1.1,10,0.1,0.2,9.8,0.01,0.02,0.00
22.748668,75.896162,1.2,11,0.1,0.2,9.8,0.01,0.02,0.00
22.748657,75.896156,1.0,12,0.1,0.2,9.8,0.01,0.02,0.00
22.748645,75.896151,1.1,13,0.1,0.2,9.8,0.01,0.02,0.00
22.748634,75.896146,1.2,10,0.1,0.2,9.8,0.01,0.02,0.00
22.748622,75.896141,1.0,11,0.1,0.2,9.8,0.01,0.02,0.00
22.748611,75.896136,1.1,12,0.1,0.2,9.8,0.01,0.02,0.00
22.748599,75.896131,1.2,13,0.1,0.2,9.8,0.01,0.02,0.00
22.748587,75.896126,1.0,10,0.1,0.2,9.8,0.01,0.02,0.00
22.748576,75.896121,1.1,11,0.1,0.2,9.8,0.01,0.02,0.00
22.748564,75.896116,1.2,12,0.1,0.2,9.8,0.01,0.02,0.00
22.748553,75.896111,1.0,13,0.1,0.2,9.8,0.01,0.02,0.00
22.748541,75.896106,1.1,10,0.1,0.2,9.8,0.01,0.02,0.00
22.748529,75.896101,1.2,11,0.1,0.2,9.8,0.01,0.02,0.00
22.748518,75.896096,1.0,12,0.1,0.2,9.8,0.01,0.02,0.00
22.748506,75.896091,1.1,13,0.1,0.2,9.8,0.01,0.02,0.00
22.748494,75.896085,1.2,10,0.1,0.2,9.8,0.01,0.02,0.00
22.748483,75.896080,1.0,11,0.1,0.2,9.8,0.01,0.02,0.00
22.748471,75.896075,1.1,12,0.1,0.2,9.8,0.01,0.02,0.00
22.748459,75.896070,1.2,13,0.1,0.2,9.8,0.01,0.02,0.00
22.748448,75.896065,1.0,10,0.1,0.2,9.8,0.01,0.02,0.00
22.748436,75.896060,1.1,11,0.1,0.2,9.8,0.01,0.02,0.00
22.748424,75.896055,1.2,12,0.1,0.2,9.8,0.01,0.02,0.00
22.748412,75.896049,1.0,13,0.1,0.2,9.8,0.01,0.02,0.00
22.748401,75.896044,1.1,10,0.1,0.2,9.8,0.01,0.02,0.00
22.748389,75.896039,1.2,11,0.1,0.2,9.8,0.01,0.02,0.00
22.748377,75.896034,1.0,12,0.1,0.2,9.8,0.01,0.02,0.00
22.748365,75.896029,1.1,13,0.1,0.2,9.8,0.01,0.02,0.00
22.748353,75.896024,1.2,10,0.1,0.2,9.8,0.01,0.02,0.00
22.748342,75.896018,1.0,11,0.1,0.2,9.8,0.01,0.02,0.00
22.748330,75.896013,1.1,12,0.1,0.2,9.8,0.01,0.02,0.00
22.748318,75.896008,1.2,13,0.1,0.2,9.8,0.01,0.02,0.00
22.748306,75.896003,1.0,10,0.1,0.2,9.8,0.01,0.02,0.00
22.748294,75.895998,1.1,11,0.1,0.2,9.8,0.01,0.02,0.00
22.748283,75.895993,1.2,12,0.1,0.2,9.8,0.01,0.02,0.00
22.748271,75.895987,1.0,13,0.1,0.2,9.8,0.01,0.02,0.00
22.748259,75.895982,1.1,10,0.1,0.2,9.8,0.01,0.02,0.00
22.748248,75.895977,1.2,11,0.1,0.2,9.8,0.01,0.02,0.00
22.748236,75.895972,1.0,12,0.1,0.2,9.8,0.01,0.02,0.00
22.748224,75.895967,1.1,13,0.1,0.2,9.8,0.01,0.02,0.00
22.748213,75.895962,1.2,10,0.1,0.2,9.8,0.01,0.02,0.00
22.748201,75.895957,1.0,11,0.1,0.2,9.8,0.01,0.02,0.00
22.748189,75.895952,1.1,12,0.1,0.2,9.8,0.01,0.02,0.00
22.748178,75.895947,1.2,13,0.1,0.2,9.8,0.01,0.02,0.00
22.748166,75.895942,1.0,10,0.1,0.2,9.8,0.01,0.02,0.00
22.748155,75.895937,1.1,11,0.1,0.2,9.8,0.01,0.02,0.00
22.748143,75.895931,1.2,12,0.1,0.2,9.8,0.01,0.02,0.00
22.748132,75.895926,1.0,13,0.1,0.2,9.8,0.01,0.02,0.00
22.748120,75.895921,1.1,10,0.1,0.2,9.8,0.01,0.02,0.00
22.748108,75.895916,1.2,11,0.1,0.2,9.8,0.01,0.02,0.00
22.748097,75.895911,1.0,12,0.1,0.2,9.8,0.01,0.02,0.00
22.748085,75.895906,1.1,13,0.1,0.2,9.8,0.01,0.02,0.00
22.748074,75.895901,1.2,10,0.1,0.2,9.8,0.01,0.02,0.00
22.748062,75.895896,1.0,11,0.1,0.2,9.8,0.01,0.02,0.00
22.748051,75.895891,1.1,12,0.1,0.2,9.8,0.01,0.02,0.00
22.748039,75.895886,1.2,13,0.1,0.2,9.8,0.01,0.02,0.00
22.748027,75.895881,1.0,10,0.1,0.2,9.8,0.01,0.02,0.00
22.748016,75.895876,1.1,11,0.1,0.2,9.8,0.01,0.02,0.00
22.748004,75.895871,1.2,12,0.1,0.2,9.8,0.01,0.02,0.00
22.747993,75.895865,1.0,13,0.1,0.2,9.8,0.01,0.02,0.00
22.747981,75.895860,1.1,10,0.1,0.2,9.8,0.01,0.02,0.00
22.747969,75.895855,1.2,11,0.1,0.2,9.8,0.01,0.02,0.00
22.747957,75.895850,1.0,12,0.1,0.2,9.8,0.01,0.02,0.00
22.747946,75.895845,1.1,13,0.1,0.2,9.8,0.01,0.02,0.00
22.747934,75.895840,1.2,10,0.1,0.2,9.8,0.01,0.02,0.00
22.747922,75.895835,1.0,11,0.1,0.2,9.8,0.01,0.02,0.00
22.747910,75.895830,1.1,12,0.1,0.2,9.8,0.01,0.02,0.00
22.747899,75.895824,1.2,13,0.1,0.2,9.8,0.01,0.02,0.00
22.747887,75.895819,1.0,10,0.1,0.2,9.8,0.01,0.02,0.00
22.747875,75.895814,1.1,11,0.1,0.2,9.8,0.01,0.02,0.00
22.747863,75.895809,1.2,12,0.1,0.2,9.8,0.01,0.02,0.00
22.747851,75.895804,1.0,13,0.1,0.2,9.8,0.01,0.02,0.00
22.747840,75.895799,1.1,10,0.1,0.2,9.8,0.01,0.02,0.00
22.747828,75.895793,1.2,11,0.1,0.2,9.8,0.01,0.02,0.00
22.747816,75.895788,1.0,12,0.1,0.2,9.8,0.01,0.02,0.00
22.747804,75.895783,1.1,13,0.1,0.2,9.8,0.01,0.02,0.00
22.747793,75.895778,1.2,10,0.1,0.2,9.8,0.01,0.02,0.00
22.747781,75.895773,1.0,11,0.1,0.2,9.8,0.01,0.02,0.00
22.747769,75.895768,1.1,12,0.1,0.2,9.8,0.01,0.02,0.00
22.747757,75.895762,1.2,13,0.1,0.2,9.8,0.01,0.02,0.00
22.747746,75.895757,1.0,10,0.1,0.2,9.8,0.01,0.02,0.00
22.747734,75.895752,1.1,11,0.1,0.2,9.8,0.01,0.02,0.00
22.747722,75.895747,1.2,12,0.1,0.2,9.8,0.01,0.02,0.00
22.747711,75.895742,1.0,13,0.1,0.2,9.8,0.01,0.02,0.00
22.747699,75.895737,1.1,10,0.1,0.2,9.8,0.01,0.02,0.00
22.747687,75.895732,1.2,11,0.1,0.2,9.8,0.01,0.02,0.00
22.747676,75.895727,1.0,12,0.1,0.2,9.8,0.01,0.02,0.00
22.747664,75.895722,1.1,13,0.1,0.2,9.8,0.01,0.02,0.00
22.747653,75.895717,1.2,10,0.1,0.2,9.8,0.01,0.02,0.00
22.747641,75.895711,1.0,11,0.1,0.2,9.8,0.01,0.02,0.00
22.747629,75.895706,1.1,12,0.1,0.2,9.8,0.01,0.02,0.00
22.747618,75.895701,1.2,13,0.1,0.2,9.8,0.01,0.02,0.00
22.747606,75.895696,1.0,10,0.1,0.2,9.8,0.01,0.02,0.00
22.747595,75.895691,1.1,11,0.1,0.2,9.8,0.01,0.02,0.00
22.747583,75.895686,1.2,12,0.1,0.2,9.8,0.01,0.02,0.00
22.747572,75.895681,1.0,13,0.1,0.2,9.8,0.01,0.02,0.00
22.747560,75.895676,1.1,10,0.1,0.2,9.8,0.01,0.02,0.00
22.747549,75.895671,1.2,11,0.1,0.2,9.8,0.01,0.02,0.00
22.747537,75.895666,1.0,12,0.1,0.2,9.8,0.01,0.02,0.00
22.747525,75.895661,1.1,13,0.1,0.2,9.8,0.01,0.02,0.00
22.747514,75.895656,1.2,10,0.1,0.2,9.8,0.01,0.02,0.00
22.747502,75.895651,1.0,11,0.1,0.2,9.8,0.01,0.02,0.00
22.747491,75.895646,1.1,12,0.1,0.2,9.8,0.01,0.02,0.00
22.747479,75.895640,1.2,13,0.1,0.2,9.8,0.01,0.02,0.00
22.747467,75.895635,1.0,10,0.1,0.2,9.8,0.01,0.02,0.00
22.747456,75.895630,1.1,11,0.1,0.2,9.8,0.01,0.02,0.00
22.747444,75.895625,1.2,12,0.1,0.2,9.8,0.01,0.02,0.00
22.747432,75.895620,1.0,13,0.1,0.2,9.8,0.01,0.02,0.00
22.747420,75.895615,1.1,10,0.1,0.2,9.8,0.01,0.02,0.00
22.747409,75.895610,1.2,11,0.1,0.2,9.8,0.01,0.02,0.00
22.747397,75.895604,1.0,12,0.1,0.2,9.8,0.01,0.02,0.00
22.747385,75.895599,1.1,13,0.1,0.2,9.8,0.01,0.02,0.00
22.747373,75.895594,1.2,10,0.1,0.2,9.8,0.01,0.02,0.00
22.747361,75.895589,1.0,11,0.1,0.2,9.8,0.01,0.02,0.00
22.747350,75.895584,1.1,12,0.1,0.2,9.8,0.01,0.02,0.00
22.747338,75.895579,1.2,13,0.1,0.2,9.8,0.01,0.02,0.00
22.747326,75.895573,1.0,10,0.1,0.2,9.8,0.01,0.02,0.00
22.747314,75.895568,1.1,11,0.1,0.2,9.8,0.01,0.02,0.00
22.747302,75.895563,1.2,12,0.1,0.2,9.8,0.01,0.02,0.00
22.747291,75.895558,1.0,13,0.1,0.2,9.8,0.01,0.02,0.00
22.747279,75.895553,1.1,10,0.1,0.2,9.8,0.01,0.02,0.00
22.747267,75.895548,1.2,11,0.1,0.2,9.8,0.01,0.02,0.00
22.747255,75.895543,1.0,12,0.1,0.2,9.8,0.01,0.02,0.00
22.747244,75.895537,1.1,13,0.1,0.2,9.8,0.01,0.02,0.00
22.747232,75.895532,1.2,10,0.1,0.2,9.8,0.01,0.02,0.00
22.747220,75.895527,1.0,11,0.1,0.2,9.8,0.01,0.02,0.00
22.747209,75.895522,1.1,12,0.1,0.2,9.8,0.01,0.02,0.00
22.747197,75.895517,1.2,13,0.1,0.2,9.8,0.01,0.02,0.00
22.747185,75.895512,1.0,10,0.1,0.2,9.8,0.01,0.02,0.00
22.747174,75.895507,1.1,11,0.1,0.2,9.8,0.01,0.02,0.00
22.747162,75.895502,1.2,12,0.1,0.2,9.8,0.01,0.02,0.00
22.747151,75.895497,1.0,13,0.1,0.2,9.8,0.01,0.02,0.00
22.747139,75.895492,1.1,10,0.1,0.2,9.8,0.01,0.02,0.00
22.747127,75.895486,1.2,11,0.1,0.2,9.8,0.01,0.02,0.00
22.747116,75.895481,1.0,12,0.1,0.2,9.8,0.01,0.02,0.00
22.747104,75.895476,1.1,13,0.1,0.2,9.8,0.01,0.02,0.00
22.747093,75.895471,1.2,10,0.1,0.2,9.8,0.01,0.02,0.00
22.747081,75.895466,1.0,11,0.1,0.2,9.8,0.01,0.02,0.00
22.747070,75.895461,1.1,12,0.1,0.2,9.8,0.01,0.02,0.00
22.747058,75.895456,1.2,13,0.1,0.2,9.8,0.01,0.02,0.00
22.747047,75.895451,1.0,10,0.1,0.2,9.8,0.01,0.02,0.00
22.747035,75.895446,1.1,11,0.1,0.2,9.8,0.01,0.02,0.00
22.747023,75.895441,1.2,12,0.1,0.2,9.8,0.01,0.02,0.00
22.747012,75.895436,1.0,13,0.1,0.2,9.8,0.01,0.02,0.00
22.747000,75.895431,1.1,10,0.1,0.2,9.8,0.01,0.02,0.00
22.746989,75.895426,1.2,11,0.1,0.2,9.8,0.01,0.02,0.00
22.746977,75.895421,1.0,12,0.1,0.2,9.8,0.01,0.02,0.00
22.746965,75.895415,1.1,13,0.1,0.2,9.8,0.01,0.02,0.00
22.746954,75.895410,1.2,10,0.1,0.2,9.8,0.01,0.02,0.00
22.746942,75.895405,1.0,11,0.1,0.2,9.8,0.01,0.02,0.00
22.746930,75.895400,1.1,12,0.1,0.2,9.8,0.01,0.02,0.00
22.746918,75.895395,1.2,13,0.1,0.2,9.8,0.01,0.02,0.00
22.746907,75.895390,1.0,10,0.1,0.2,9.8,0.01,0.02,0.00
22.746895,75.895385,1.1,11,0.1,0.2,9.8,0.01,0.02,0.00
22.746883,75.895379,1.2,12,0.1,0.2,9.8,0.01,0.02,0.00
22.746871,75.895374,1.0,13,0.1,0.2,9.8,0.01,0.02,0.00
22.746860,75.895369,1.1,10,0.1,0.2,9.8,0.01,0.02,0.00
22.746848,75.895364,1.2,11,0.1,0.2,9.8,0.01,0.02,0.00
22.746836,75.895359,1.0,12,0.1,0.2,9.8,0.01,0.02,0.00
22.746824,75.895354,1.1,13,0.1,0.2,9.8,0.01,0.02,0.00
22.746812,75.895348,1.2,10,0.1,0.2,9.8,0.01,0.02,0.00
22.746801,75.895343,1.0,11,0.1,0.2,9.8,0.01,0.02,0.00
22.746789,75.895338,1.1,12,0.1,0.2,9.8,0.01,0.02,0.00
22.746777,75.895333,1.2,13,0.1,0.2,9.8,0.01,0.02,0.00
22.746765,75.895328,1.0,10,0.1,0.2,9.8,0.01,0.02,0.00
22.746754,75.895323,1.1,11,0.1,0.2,9.8,0.01,0.02,0.00
22.746742,75.895318,1.2,12,0.1,0.2,9.8,0.01,0.02,0.00
22.746730,75.895312,1.0,13,0.1,0.2,9.8,0.01,0.02,0.00
22.746718,75.895307,1.1,10,0.1,0.2,9.8,0.01,0.02,0.00
22.746707,75.895302,1.2,11,0.1,0.2,9.8,0.01,0.02,0.00
22.746695,75.895297,1.0,12,0.1,0.2,9.8,0.01,0.02,0.00
22.746683,75.895292,1.1,13,0.1,0.2,9.8,0.01,0.02,0.00
